"Grimes and Sons",pedro.ziemann@reynolds.com,1-575-889-1588,"675 Marques Oval
Port Kim, IN 08179-6877"
Howell-Marquardt,enduser5@test.com,+1-234-214-5334,"176 Kacey Parkways Suite 326
South Katlynn, WA 67333-6879"
"Wiegand, DuBuque and Hermiston",kuvalis.wilhelm@runolfsson.com,"(971) 606-8132","355 Mills Creek
Colemanshire, IN 27105-2138"
"Murray PLC",giovani.rowe@kihn.biz,"(732) 329-5221","64521 Cummerata Loaf
Schowalterburgh, NE 02370"
Jakubowski-Jerde,jaylan25@bogan.com,678.618.0904,"36254 Noemi Row Apt. 422
Quigleyhaven, MT 43016"
"Larkin Inc",ahettinger@klocko.com,1-262-664-7674,"5603 Florencio Ports
North Sheilatown, MT 72792"
"Swift PLC",aileen.fisher@jakubowski.com,878-418-8653,"4848 Bethany Wells Suite 617
Port Willow, NJ 15347"
Shanahan-Upton,kendall14@gibson.com,+1-972-996-2988,"2678 Burley Park
West Opalport, CA 43460-3653"
"Mante Ltd",herta.dare@abbott.com,985-389-8165,"447 Demond Courts Apt. 090
Handfort, NM 88825-6993"
Ondricka-Herman,beverly.towne@ankunding.com,1-470-287-5555,"83009 O'Hara Unions
Lake Vickiemouth, NY 79098-4621"
"Bode Ltd",enduser48@test.com,918-745-9552,"5295 Ashtyn Hills Suite 546
Dayanabury, OH 10423"
"Wisozk Inc",ian82@collier.net,808-834-5830,"962 Bosco Landing
Rauchester, MD 74253-8633"
"Kessler, Effertz and Sanford",lfadel@erdman.biz,"(763) 302-8259","99378 Kobe Lock
Kautzertown, OR 30926-7455"
"Kessler Group",eroob@treutel.info,302.604.1287,"9568 Graham Wells
Lake Mathew, GA 42770-8230"
"O'Reilly Group",runte.marian@schroeder.info,+19286412412,"50165 Nikolaus Camp Apt. 405
North Shaniyaborough, IA 04335-4408"
"Skiles, Gleichner and Anderson",schmitt.aiyana@konopelski.com,380-573-9950,"51912 Jacobs Manor
East Pauline, VT 53380-2126"
Hackett-Murazik,fbecker@parker.info,+1-307-394-1943,"5122 Pfeffer Drive
McClurebury, LA 18778-0123"
Welch-Jacobi,bogan.joshuah@schowalter.net,531.459.7722,"71922 Scot Trafficway
Mariamfurt, MO 22312-3707"
"Bernier Ltd",bednar.eden@runolfsson.com,607.242.3117,"11186 Jerome Brook Suite 462
New Nola, MD 78533-6507"
Stracke-Rohan,maya.harris@kuhn.info,617.614.2037,"6460 Hintz Prairie Suite 797
Hackettfort, TN 51365"
Wolff-Green,brionna83@douglas.com,"+1 (559) 266-3418","334 Herminio Lakes Suite 123
South Jo, TX 39139-2597"
"Veum, Kassulke and Emard",casper.derek@wintheiser.com,"(610) 346-9363","47912 Tyler Ramp Suite 102
Port Odessaton, WY 46221-5454"
"Haag and Sons",enduser96@test.com,+14357220994,"83828 Delmer Key
East Maximusshire, RI 26431"
Mitchell-Kulas,adah98@wisoky.biz,561.748.3378,"42275 Bernie Plains Suite 517
Chelseaberg, KY 76780"
Gerhold-Douglas,gunnar65@mclaughlin.com,424-305-5095,"847 Zackery Burgs
Crooksstad, LA 14568-5388"
